name,Lastname
Katharina,Wagner
Mia,Wiegele
Ben,Huber
Björn,Weber
David,Leitner
Simon,Schmidt
René,Schwarz
Greta,Schmidt
Clara,Fuchs
Noah,Huber
Hannes,Huber
Rosa,Fuchs
Ben,Dvořák
Simon,Gruber
Hannes,Wiegele
Ulrich,Schneider
Ben,Schneider
Simon,Berger
Ben,Steiner
Ben,Weber
Jürgen,Wagner
Jonas,Fuchs
Emma,Weber
David,Schneider
Jonas,Weber
Björn,Größl
Felix,Gruber
Simon,Schneider
Ulrich,Pichler
Lukas,Gruber
Rosa,Jäger
Clara,Schneider
Ben,Winkler
Greta,Fischer
Valentina,Weber
Noah,O'Brien
Katharina,Eder
Simon,Rossi
Olivia,Leitner
Jonas,Steiner
Zoe,Bauer
Wolfgang,O'Brien
Hannes,Huber
Simon,Mayer
Quirin,Fischer
Zoë,Hofer
Xaver,Eder
Jonas,Winkler
Clara,Gruber
Quirin,Fuchs
Felix,O'Brien
Katharina,Wagner
René,Fischer
Noah,Schmidt
Valentina,Huber
Yvonne,Weber
Simon,García
Zoë,Dvořák
Katharina,Hofer
Wolfgang,Leitner
Theresa,Fischer
Simon,García
Olivia,Huber
Björn,Huber
Ida,Fischer
Wolfgang,Größl
Clara,Schmidt
Xaver,Jäger
Jonas,Wiegele
Simon,Größl
Björn,Eder
Jonas,Jäger
Mia,Lindqvist
Valentina,Leitner
Anna,Eder
Lukas,Bauer
Theresa,Gruber
Paul,Schmidt
Greta,O'Brien
Jonas,Wagner
Xaver,Steiner
Mia,Berger
René,van der Berg
Paul,Huber
Felix,Eder
Mia,Weber
Ida,Lindqvist
Emma,Dvořák
Noah,van der Berg
Rosa,Moser
Wolfgang,Fuchs
Lukas,Größl
Zoë,Berger
Hannes,Wagner
Clara,Bauer
Emma,Steiner
Valentina,Steiner
Anna,Fischer
Björn,Schneider
Felix,Moser
